{
  "model_info": {
    "name": "个人贷款评分卡模型",
    "version": "3.0",
    "train_date": "2026-04-21",
    "data_source": "Give Me Some Credit",
    "metrics": {
      "auc": 0.763001707252887,
      "ks": 0.4124066721064836
    }
  },
  "score_scale": {
    "base_score": 500,
    "pdo": 20,
    "base_odds": 20,
    "A": 586.4385618977473,
    "B": 28.85390081777927
  },
  "coefficients": {
    "intercept": -2.7396326692768267,
    "features": {
      "revolving_util": -0.8971621750313025,
      "age": -0.5035577314649022,
      "debt_ratio": -0.6748970537045269,
      "monthly_income": -0.4709704259726196,
      "credit_lines": -0.48169638926651415,
      "dependents": -0.5044202604154371
    }
  },
  "features": {
    "revolving_util": {
      "bins": [
        "-inf",
        "0.019132058",
        "0.087856264",
        "0.277354971",
        "0.662138843",
        "inf"
      ],
      "score_mapping": {
        "(-inf, 0.0191]": 28.9,
        "(0.0191, 0.0879]": 31.96,
        "(0.0879, 0.277]": 17.45,
        "(0.277, 0.662]": -3.26,
        "(0.662, inf]": -28.83
      }
    },
    "age": {
      "bins": [
        "-inf",
        "38.0",
        "47.0",
        "55.0",
        "64.0",
        "inf"
      ],
      "score_mapping": {
        "(-inf, 38.0]": -6.08,
        "(38.0, 47.0]": -3.36,
        "(47.0, 55.0]": -1.91,
        "(55.0, 64.0]": 4.8,
        "(64.0, inf]": 13.6
      }
    },
    "debt_ratio": {
      "bins": [
        "-inf",
        "0.098085897",
        "0.230170608",
        "0.353176366",
        "0.531423429",
        "inf"
      ],
      "score_mapping": {
        "(-inf, 0.0981]": 4.06,
        "(0.0981, 0.23]": 3.2,
        "(0.23, 0.353]": 5.56,
        "(0.353, 0.531]": -1.15,
        "(0.531, inf]": -8.6
      }
    },
    "monthly_income": {
      "bins": [
        "-inf",
        "3115.0",
        "4700.0",
        "6500.0",
        "9200.0",
        "inf"
      ],
      "score_mapping": {
        "(-inf, 3115.0]": -4.16,
        "(3115.0, 4700.0]": -2.53,
        "(4700.0, 6500.0]": -0.7,
        "(6500.0, 9200.0]": 3.57,
        "(9200.0, inf]": 5.21
      }
    },
    "credit_lines": {
      "bins": [
        "-inf",
        "4.0",
        "7.0",
        "9.0",
        "12.0",
        "inf"
      ],
      "score_mapping": {
        "(-inf, 4.0]": -4.26,
        "(4.0, 7.0]": 2.14,
        "(7.0, 9.0]": 3.65,
        "(9.0, 12.0]": 1.24,
        "(12.0, inf]": -1.15
      }
    },
    "dependents": {
      "bins": [
        "-inf",
        "1.0",
        "inf"
      ],
      "score_mapping": {
        "(-inf, 1.0]": 1.38,
        "(1.0, inf]": -3.87
      }
    }
  },
  "thresholds": {
    "auto_approve": 650,
    "manual_review": 600,
    "reject_below": 600
  }
}